"Date","meet_inclusion_criteria","month","day","year","town","state","perpetrator_name","venue","num_shot_public","num_gun_fatalities_public","num_gun_injuries_public","num_shot_private","num_gun_fatalities_private","num_gun_injuries_private","public_victims_knew_perp","julian_day","during_ban","lknown_if_high_capacity_involved","lFAWB_banned_firearm","summary","reason_excluded","url1","url2","url3","url4","url5","url6","url7","url8","url9","url10","url11","url12","url13"
2018.85,"Yes",11,7,2018,"Thousand Oaks","CA","Ian David Long","Public Place",13,12,1,0,0,0,"No",17842,0,1,TRUE,"Killed 12 and wounded 1 in a nightclub",""," https://bbc.in/2T0SYeq"," https://n.pr/2R2Dp8H"," https://nbcnews.to/2yVz8cQ"," https://abc7.ws/2RODXf7","","","","","","","","",""
2018.82,"Yes",10,27,2018,"Pittsburgh","PA","Robert Bowers","Public Place",17,11,6,0,0,0,"No",17831,0,1,TRUE,"Killed 11 and wounded 6 in a synagogue",""," https://bit.ly/2O8zuBL"," https://bit.ly/2SWVUbV"," https://bit.ly/2Lq7dqw"," https://yhoo.it/2SbRgGQ"," https://cnn.it/2RePVOO"," https://bit.ly/2SWVZfJ"," https://bbc.in/2Ex3S7A","","","","","",""
2018.49,"Yes",6,28,2018,"Annapolis","MD","Jarrod Ramos","Public place",7,5,2,0,0,0,"No",17710,0,1,FALSE,"Ramos broke into a newsroom, killing 5 and wounding 2",""," https://bit.ly/2LvlGl6"," https://bsun.md/2T2HNlv"," https://cnn.it/2UTmWTg"," https://bit.ly/2LuW6g8","","","","","","","","",""
2018.38,"Yes",5,18,2018,"Santa Fe","TX","Dimitrios Pagourtzis","School",23,10,13,0,0,0,"Yes",17669,0,1,FALSE,"Pagouritzis opened fire in a classroom at his high school, killing 10 and wounding 13",""," https://wapo.st/2QHQ5Cg"," https://aol.it/2QHQx3q"," https://bit.ly/2CmS0U2"," https://lat.ms/2UWHevb"," https://bit.ly/2V0lq1w"," https://abcn.ws/2Sd0932","","","","","","",""
2018.31,"Yes",4,22,2018,"Antioch","TN","Travis Reinking","Public place(s)",6,4,2,0,0,0,"No",17643,0,1,TRUE,"Perpetrator opened fire at a waffle house, killing four and injuring two.","","https://bit.ly/2OyvOcM ","https://bit.ly/2DsedSo ","https://bit.ly/2zw1mKQ","","","","","","","","","",""
2018.12,"Yes",2,14,2018,"Parkland","FL","Nikolas Cruz","School",31,17,14,0,0,0,"Partly",17576,0,1,TRUE,"The perpetrator, a recently expelled student, opened fire at a school, killing 17 and wounding 14 others.","","https://bit.ly/2SK1BL3 ","https://bit.ly/2qyNb3v","","","","","","","","","","",""
2018.08,"Yes",1,28,2018,"Melcroft","PA","Timothy OBrien Smith","Public place(s)",5,4,1,0,0,0,"Yes",17559,0,1,TRUE,"The perpetrator opened fire at a carwash, killing his ex-girlfriend and three acquaintances in a vehicle and the parking lot.","","https://bit.ly/2QtdkMA ","https://bit.ly/2yXMg0W ","https://bit.ly/2F5VL3E","","","","","","","","","",""
2017.85,"Yes",11,5,2017,"Sutherland Springs","TX","Devin Patrick Kelley","Public place(s)",46,26,20,0,0,0,"Partly",17475,0,1,TRUE,"The perpetrator opened fire at a church, killing 26 and injuring 20.","","https://bit.ly/2JL3Vgs ","https://bit.ly/2PdHzu1 ","https://bit.ly/2RF5vDE ","https://bit.ly/2RF64xg ","https://bit.ly/2PKT8IG ","https://bit.ly/2zyq7Gb","","","","","","",""
2017.75,"Yes",10,1,2017,"Las Vegas","NV","Stephen Craig Paddock","Public place(s)",480,58,422,0,0,0,"No",17440,0,1,TRUE,"The perpetrator opened fire at a concert, killing 58, and wounding 422.","","https://bit.ly/2F5L553 ","https://bit.ly/2zzWB2E ","https://bit.ly/2DqxWBU ","https://bit.ly/2F8kS62 ","https://bit.ly/2F8kS62 ","https://wapo.st/2DaizwT","","","","","","",""
2017.43,"Yes",6,5,2017,"Orlando","FL","John Robert Neumann Jr.","Workplace",5,5,0,0,0,0,"Yes",17322,0,1,TRUE,"Perpetrator opened fire at his workplace, killing five co-workers.","","https://bit.ly/2CeDJ8W ","https://bit.ly/2FDeVhg ","https://bit.ly/2CeDJ8W","","","","","","","","","",""
2017.22,"Yes",3,22,2017,"Roschild","WI","Nengmy Vang","Public place(s)",4,4,0,0,0,0,"Partly",17247,0,1,TRUE,"Perpetrator opened fire at a the bank where his estranged wife worked, killing four.","","https://bit.ly/2SR6GB1 ","https://bit.ly/2Pg7OA2 ","https://bit.ly/2zwb9Ap ","https://bit.ly/2Dncb64 ","https://bit.ly/2SPfwzm","","","","","","","",""
2017.1,"Yes",2,6,2017,"Yazoo City","MS","Briddell Barber","Public place(s)",4,4,0,0,0,0,"Partly",17203,0,0,FALSE,"Perpetrator opened fire after a super bowl party at a club, after a verbal altercation, killing four.","","https://bit.ly/2F6XaHo ","https://bit.ly/2RCIGQU ","https://bit.ly/2D4e5rr","","","","","","","","","",""
2017.02,"Yes",1,6,2017,"Fort Lauderdale","FL","Esteban Santiago","Public place(s)",11,5,6,0,0,0,"No",17172,0,1,FALSE,"The perpetrator opened fire at the Fort Lauderdale airport, killing five and wounding six.","","https://bit.ly/2AQkyEP ","https://bit.ly/2PIxEMC ","https://nbcnews.to/2P9ZiCG ","https://bit.ly/2zyyykV ","https://bit.ly/2OrlFhO","","","","","","","",""
2016.73,"Yes",9,23,2016,"Burlington","WA","Arcan Cetin","Public place(s)",5,5,0,0,0,0,"No",17067,0,1,TRUE,"The perpetrator opened fire at a mall, killing five.",""," http://bit.ly/2PUz6Yi"," https://kiro.tv/2dPZog0 ","https://bit.ly/2SR52j6 ","https://kiro.tv/2PKFZPV ","https://bit.ly/2qxOmQG","","","","","","","",""
2016.52,"Yes",7,7,2016,"Dallas","TX","Micah Xavier Johnson","Public place(s)",15,5,10,0,0,0,"No",16989,0,1,TRUE,"The perpetrator opened fire on police at a Black Lives Matter event, killing five and wounding 11.","","https://nbcnews.to/2SVIXQu ","https://bit.ly/2Pg9ARI ","https://bit.ly/2D4HMbS ","https://nyti.ms/2SPgrzO ","https://bit.ly/2aHxYo4 ","https://on.wsj.com/2D6EN2B ","https://bit.ly/2yVah93 ","https://bit.ly/2F8Vhdn","","","","",""
2016.45,"Yes",6,12,2016,"Orlando","FL","Omar Mateen","Public place(s)",102,49,53,0,0,0,"Partly",16964,0,1,TRUE,"The perpetrator opened fire at a nightclub, killing 49, and injuring 53.","","https://bit.ly/2JJzO9w ","https://abc7.ws/2SQVfcT ","https://bit.ly/2D6OCxm ","https://read.bi/2Osvr3h ","https://bit.ly/2Rz3vN0 ","https://cnn.it/2qupGIC ","https://wapo.st/2Pfpr3c ","https://ti.me/2PDqUjh ","https://bit.ly/2ANU6f4 ","https://bit.ly/2yTX0h3","","",""
2016.14,"Yes",2,20,2016,"Kalamazoo","MI","Jason Dalton","Public place(s)",8,6,2,0,0,0,"No",16851,0,1,TRUE,"The perpetrator, an Uber driver, shot at people between picking up clients, killing six and wounding two.","","https://bit.ly/2gblqsT ","https://bit.ly/2zwcZRP ","https://bit.ly/2Pbtxcu ","https://bit.ly/1UYJ1vZ","","","","","","","","",""
2015.92,"Yes",12,2,2015,"San Bernardino","CA","Rizwan Farook and Tashfeen Malik","Workplace",36,14,22,0,0,0,"Partly",16771,0,1,TRUE,"The perpetrators opened fire on co-workers at an office party, killing 14 and wounding 21.","","https://cnn.it/2AOA307 ","https://cnn.it/2AOA307 ","https://bit.ly/2GDKXqF ","https://lat.ms/2JIUKgO ","https://bit.ly/2PKXzTK ","https://nyti.ms/2F5EnvX ","https://abc7.ws/2PbjDHX ","https://bbc.in/1jCr4D2 ","https://lat.ms/2JMBKhy ","https://every.tw/2JPBIVz ","https://bit.ly/2quxdr0 ","https://bit.ly/2fOWzej ","https://bit.ly/2DmLcYB"
2015.75,"Yes",10,1,2015,"Roseburg","OR","Christopher Harper-Mercer","School",17,9,8,0,0,0,"Partly",16709,0,1,TRUE,"The perpetrato opened fire on his writing class at the college, killing nine, and wounding nine more.","","https://bit.ly/2RDXoXI ","https://bit.ly/2SRtxwk ","https://bit.ly/1JMjB9V ","https://bit.ly/2OsVRC4 ","https://lat.ms/2PiCEIE","","","","","","","",""
2015.54,"Yes",7,16,2015,"Chattanooga","TN","Youssuf Abdulazeez","Public place(s)",7,5,2,0,0,0,"No",16632,0,1,TRUE,"The perpetrator opened fire at a military recruiting center from the parking lot, wounding a marine. He then drove to US Navy reserve center, where he killed five and wounded one more.","","https://on.wsj.com/2OuFlRN ","http://bit.ly/2qwb4IX ","http://bit.ly/2RFMzES ","https://nbcnews.to/2SQhSxZ ","https://wapo.st/2SKi9Tb","","","","","","","",""
2015.46,"Yes",6,17,2015,"Charleston","SC","Dylann Storm Roof","Public place(s)",10,9,1,0,0,0,"No",16603,0,1,TRUE,"Perpetrator opened fire at a church, killing nine and wounding one.","","http://bit.ly/2APRbCB ","https://abcn.ws/2AOwC9v ","http://bit.ly/2APNcWs ","http://bit.ly/2AOnamK","","","","","","","","",""
2014.81,"Yes",10,24,2014,"Marysville","WA","Jaylen Fryberg","School",5,4,1,0,0,0,"Yes",16367,0,1,FALSE,"Perpetator opened fire at his school, killing five and wounding one.","","https://nbcnews.to/2PVKXJH ","https://bit.ly/2Plx1t3 ","https://bit.ly/1KoOQsi ","https://cnn.it/2Dfknoe ","https://bit.ly/2QCpyCz","","","","","","","",""
2014.14,"Yes",2,20,2014,"Alturas","CA","Cherie Lash Rhoades","Public place(s)",6,4,2,0,0,0,"Yes",16121,0,1,FALSE,"Perpetrator opened fire at Cdarville Rancheria tribal offices and community center, kiling four and wounding two.","","https://bit.ly/2DAu9Cf ","https://bit.ly/2OFpikl ","https://every.tw/2JPBIVz ","https://cbsn.ws/2Po6Dyx ","https://bit.ly/2p0xbFv","","","","","","","",""
2013.71,"Yes",9,16,2013,"Washington Navy Yard","DC","Aaron Alexis","Workplace",15,12,3,0,0,0,"No",15964,0,1,TRUE,"Perpetrator opened fire at the Washing DC Navy yard, killing 12 and wounding eight.","","https://cnn.it/2qKtplr ","https://read.bi/2PsAzcX ","https://bit.ly/2PlOUYN ","https://abcn.ws/2DeVCIN ","https://bit.ly/2JXwxDv ","https://dailym.ai/2QCv5ZJ ","http://bit.ly/2OFuaG0 ","https://wapo.st/2Fk5vaS","","","","",""
2013.2,"Yes",3,13,2013,"Herkimer","NY","Kurt Myers","Public place(s)",6,4,2,0,0,0,"Partly",15777,0,1,FALSE,"The perpetrator shot six people in neighboring towns, killing two in a barbershop and two at a car care business, before being killed by officers in a shootout after a nearly 19-hour standoff.","","http://bit.ly/2Fgj8HW ","https://nyti.ms/2DB3QvA","","","","","","","","","","",""
2012.95,"Yes",12,14,2012,"Newtown","CT","Adam Lanza","School and private home",29,27,2,0,0,0,"No",15688,0,1,TRUE,"The perpetrator shot his mother dead at their home then drove to Sandy Hook Elementary school. He forced his way inside and opened fire, killing 20 children.","","http://bit.ly/2DhOknG ","https://cnn.it/2ROejag ","https://wapo.st/2T3DpTY ","https://abcn.ws/2z8jDOL ","https://nwsdy.li/2qGKFZ5 ","https://cbsn.ws/2B0UbvU ","https://wapo.st/2z8jJWD","","","","","",""
2012.74,"Yes",9,27,2012,"Minneapolis","MN","Andrew John Engeldinger","Workplace",8,6,2,0,0,0,"Partly",15610,0,1,TRUE,"The perpetrator, upon learning he was being fired, went on a shooting rampage, killing the business owner, three fellow employees, and a UPS driver.","","http://strib.mn/2FfPm6k ","http://strib.mn/2DzSLep ","http://bit.ly/2FiX9jI ","http://bit.ly/2qHRLwn ","https://wapo.st/2z8jJWD","","","","","","","",""
2012.59,"Yes",8,5,2012,"Oak Creek","WI","Wade Michael Page","Public place(s)",10,6,4,0,0,0,"No",15557,0,1,TRUE,"The perpetrator opened fire in a Sikh gurdwara, killing six and injuring three.","","https://lat.ms/2zL3vCp ","https://cnn.it/2T0Zu5H ","https://every.tw/2qQaMNn","","","","","","","","","",""
2012.55,"Yes",7,20,2012,"Aurora","CO","James Holmes","Public place(s)",70,12,58,0,0,0,"No",15541,0,1,TRUE,"Perpetrator opened fire in a movie theater, killing 12 and wounding 58 others.","","https://cbsn.ws/2z3pLHV ","http://bit.ly/2RSPKJn ","https://dpo.st/2DgUIeJ ","https://cnn.it/2RKobBU","","","","","","","","",""
2012.38,"Yes",5,20,2012,"Seattle","WA","Ian Stawicki","Public place(s)",6,5,1,0,0,0,"Partly",15480,0,1,TRUE,"The perpetrator gunned down four people at a cafe and wounding another, and killed another person during a carjacking nearby.","","https://abcn.ws/2Pquj5m ","https://thebea.st/2Ppyoqv ","http://bit.ly/2T6Q1d1 ","http://bit.ly/2DgzY6U ","http://bit.ly/2QJCtlW ","https://every.tw/2qQaMNn ","https://wapo.st/2z8jJWD","","","","","",""
2012.25,"Yes",4,2,2012,"Oakland","CA","One L. Goh","School",10,7,3,0,0,0,"Partly",15432,0,1,FALSE,"The perpetrator, a former student at the college, opened fire in a nursing classroom, killing seven and injuring three.","","https://bit.ly/2T8oPuo ","https://nyti.ms/2qLEm6u ","http://bit.ly/2DiKNW6 ","https://cbsn.ws/2qKov85 ","https://bayareane.ws/2PWsHjt","","","","","","","",""
2012.14,"Yes",2,21,2012,"Norcross","GA","Jeong Soo Paek","Public place(s)",4,4,0,0,0,0,"Yes",15391,0,0,FALSE,"Perpetrator entered a spa, shooting and killing four family members.","","http://bit.ly/2OH4QzE ","https://2wsb.tv/2qK1pyH ","https://cnn.it/2B2Sr5k ","https://every.tw/2qQaMNn ","https://on-ajc.com/2RPg5I8","","","","","","","",""
2011.78,"Yes",10,12,2011,"Seal Beach","CA","Scott Evans Dekraai","Public place(s)",9,8,1,0,0,0,"Partly",15259,0,1,TRUE,"Perpetrator opened fire inside a hair salon where his ex-wife worked, killing eight and injuring one.","","https://every.tw/2qQaMNn ","https://lat.ms/2OHxD6Y ","http://bit.ly/2PXLqLr ","http://bit.ly/2zPmN9D","","","","","","","","",""
2011.68,"Yes",9,6,2011,"Carson City","NV","Eduardo Sencion","Public place(s)",11,4,7,0,0,0,"No",15223,0,1,TRUE,"Perpetrator opened fire at an International House of Pancakes restaurant, killing four and injuring seven.","","http://bit.ly/2K04bbP ","http://bit.ly/2RSDUyD ","http://bit.ly/2K1phX4 ","http://bit.ly/2B4cdgQ ","https://every.tw/2qQaMNn ","http://bit.ly/2DkJdTN ","http://bit.ly/2qIxPcP ","https://nbcnews.to/2QFRFki","","","","",""
2011.56,"Yes",7,23,2011,"Grand Prairie","TX","Tan Do","Public place(s)",9,5,4,0,0,0,"Yes",15178,0,0,FALSE,"The perpetrator opened fire at a birthday party in a roller rink, killing five and wounding four.","","https://dailym.ai/2B5pfuJ ","http://bit.ly/2Dl9uBr ","http://bit.ly/2z2TPna ","https://nbcnews.to/2RQNdz9","","","","","","","","",""
2011.02,"Yes",1,8,2011,"Tucson","AZ","Jared Lee Loughner","Public place(s)",20,6,14,0,0,0,"No",14982,0,1,TRUE,"Perpetrator opened fire in a supermarket parking lot where Congresswoman Gabrielle Giffords was meeting with constituents, killing six and injuring 13.",""," https://wapo.st/2QGAWNx"," https://lat.ms/2B3peaH"," http://bit.ly/2QDEbFz"," http://bit.ly/2qLhkMW","","","","","","","","",""
2010.59,"Yes",8,3,2010,"Hartford","CT","Omar S. Thornton","Workplace",10,8,2,0,0,0,"Yes",14824,0,1,TRUE,"Perpetrator opened fire at his work place, killing eight and injuring two.",""," https://cbsn.ws/2R8cSqv"," https://bit.ly/2Byo1H5"," https://bit.ly/2SYszOd"," https://bit.ly/2EGiOBp"," https://nyti.ms/2QKgpfr","","","","","","","",""
2010.43,"Yes",6,6,2010,"Hialeh","FL","Gerardo Regalado","Public place(s)",7,4,3,0,0,0,"Partly",14766,0,0,FALSE,"Perpetrator opened fire at a restaurant, killing four and wounding three.",""," https://nydn.us/2rJDwYv"," https://bit.ly/1Lpzk52","","","","","","","","","","",""
2009.91,"Yes",11,29,2009,"Parkland","WA","Maurice Clemmons","Public place(s)",4,4,0,0,0,0,"No",14577,0,1,TRUE,"Perpetrator opened fire on police as a coffee shop, killing four.",""," https://cnn.it/2GxkBu5"," https://abcn.ws/2QKgtMd"," https://bit.ly/2PPIs7y"," https://bit.ly/2A5JUho"," https://every.tw/2JPBIVz"," https://wapo.st/2EPr55n","","","","","","",""
2009.85,"Yes",11,5,2009,"Fort Hood","TX","Nidal Hasan","Workplace",44,13,31,0,0,0,"Partly",14553,0,1,TRUE,"Perpetrator opened fire at Fort Hood, killing 13 and injuring 32.",""," https://abcn.ws/2A9pWCb"," https://bit.ly/2gMymFZ"," https://nbcnews.to/2LsGLMK"," https://abcn.ws/2Bub5SL"," https://wapo.st/2EPr55n","","","","","","","",""
2009.83,"Yes",11,1,2009,"Mount Airy","NC","Marcos Chavez Gonzalez","Public place(s)",4,4,0,0,0,0,"Yes",14549,0,1,TRUE,"The perpetrator opened fire outside a store, killing four.",""," https://bit.ly/2GuydWV"," https://bit.ly/2hGk2Ri","","","","","","","","","","",""
2009.25,"Yes",4,3,2009,"Binghamton","NY","Jiverly Wong","Public place(s)",17,13,4,0,0,0,"Partly",14337,0,1,TRUE,"Perpetrator opened fire at a civic association center, killing 13 and injuring four.",""," https://bit.ly/2A9RTd0"," https://cnn.it/2ExYvox"," https://bit.ly/2rJxFlT"," https://bit.ly/22RcQnh"," https://bit.ly/2T27OkT"," https://every.tw/2JPBIVz","","","","","","",""
2009.24,"Yes",3,29,2009,"Carthage","NC","Robert Stewart","Public place(s)",10,8,2,0,0,0,"No",14332,0,1,FALSE,"Perpetrator opened fire at a nursing home where his estranged wife worked, killing eight and injuring two.",""," https://bit.ly/2rMgBvr"," https://bit.ly/2rKUhSU"," https://wapo.st/2z8jJWD","","","","","","","","","",""
2008.48,"Yes",6,25,2008,"Henderson","KY","Wesley Neal Higdon","Workplace",6,5,1,0,0,0,"Yes",14055,0,1,FALSE,"Perpetrator opened fire at his workplace, killing five and injuring one.",""," https://nyti.ms/2QGD0cJ"," https://abcn.ws/2QLqicM"," http://bit.ly/2CmTyxk"," https://nbcnews.to/2QGNNDt"," https://cnnmon.ie/2R4ZS52"," https://fxn.ws/2LqFm9x","","","","","","",""
2008.21,"Yes",3,18,2008,"Santa Maria","CA","Lee Isaac Bedwell Leeds","Workplace",4,4,0,0,0,0,"Partly",13956,0,1,FALSE,"Perpetrator killed a family member, two co-workers, and a customer at a salvage yard.",""," http://bit.ly/2EEOGGd"," https://nbcnews.to/2BFaoGv"," http://bit.ly/2Scrylx","","","","","","","","","",""
2008.12,"Yes",2,14,2008,"DeKalb","IL","Steven Kazmierczak","School",22,5,17,0,0,0,"No",13923,0,1,TRUE,"Perpetrator opened fire in a lecture hall, killing five and injuring 17.",""," http://bit.ly/2Eupq4N"," http://bit.ly/2EChpeR"," http://bit.ly/2rLTqkX"," http://bit.ly/2PNCXGI","","","","","","","","",""
2008.1,"Yes",2,7,2008,"Kirkwood","MO","Charles Thornton","Public place(s)",7,5,2,0,0,0,"Partly",13916,0,1,TRUE,"Perpetrator opened fire at a city council meeting, killing five and injuring two.",""," http://bit.ly/2BxdAnp"," http://bit.ly/2PP3Vxz"," https://wapo.st/2QGDH5P"," http://bit.ly/2GsEfr6"," http://bit.ly/2rMhKmJ","","","","","","","",""
2007.94,"Yes",12,9,2007,"Colorado Springs","CO","Matthew John Murray","Public place(s)",9,4,5,0,0,0,"No",13856,0,1,TRUE,"Perpetrator opened fire at the Youth with a Mission building, killing two and wounding two.  Later that day, opened fire at New Life Church, killing two more and wounding three.",""," http://bit.ly/2BsChBm"," http://bit.ly/2Clae8s"," http://bit.ly/2BsChBm","","","","","","","","","",""
2007.93,"Yes",12,5,2007,"Omaha","NE","Robert Hawkins","Public place(s)",12,8,4,0,0,0,"No",13852,0,1,TRUE,"Perpetrator opened fire at a mall, killing eight and injuring four.",""," https://wapo.st/2S7Qrik"," https://reut.rs/2rMONHs","","","","","","","","","","",""
2007.29,"Yes",4,16,2007,"Blacksburg","VA","Seung-Hui Cho","School and private dorm",47,30,17,2,2,0,"No",13619,0,1,TRUE,"Perpetrator opened fire at the university, killing 32 and injuring 17.",""," https://n.pr/2Euf2tE"," http://bit.ly/2R9jzsj"," https://cnn.it/2R2YeRm"," http://bit.ly/2rJyVp7"," https://trib.in/2R6jIN3","","","","","","","",""
2007.12,"Yes",2,12,2007,"Salt Lake City","UT","Sulejman Talovic","Public place(s)",9,5,4,0,0,0,"No",13556,0,1,TRUE,"Perpetrator opened fire at a shopping center, killing five and injuring four.",""," https://nyti.ms/2LxxCTv"," http://bit.ly/2T29v1J"," http://bit.ly/2LoOxHu"," http://bit.ly/2EvH5cd"," http://bit.ly/2EDtq3K","","","","","","","",""
2006.75,"Yes",10,2,2006,"West Nickel Mines","PA","Charles Carl Roberts IV","School",10,5,5,0,0,0,"No",13423,0,1,TRUE,"Perpetrator opened fire at a school house, killing five and injuring five more.",""," http://bit.ly/2Cn9WOp"," https://dpo.st/2EEPzi1","","","","","","","","","","",""
2006.38,"Yes",5,21,2006,"Baton Rouge","LA","Anthony Bell","Public place(s)",6,5,1,0,0,0,"Yes",13289,0,1,FALSE,"Perpetrator shot and killed four inlaws and wounded another in a church, then killed his wife in a parking lot.",""," https://cbsn.ws/2R4StTk"," https://fxn.ws/2PROR2p"," http://bit.ly/2GvVOqk"," http://bit.ly/2RbryVG","","","","","","","","",""
2006.08,"Yes",1,30,2006,"Goleta","CA","Jennifer San Marco","Workplace and private home",7,7,0,1,1,0,"Yes",13178,0,1,TRUE,"Perpetrator opened fire at her workplace, killing seven co-workers.",""," http://bit.ly/2UZZNyr"," http://bit.ly/2LpbD0I","","","","","","","","","","",""
2005.66,"Yes",8,29,2005,"Sash","TX","Freddy Leroy Cranshaw","Public place(s)",4,4,0,0,0,0,"Partly",13024,0,1,FALSE,"Perpetrator shot killed two people in front of a church after a verbal altercation, then drove away, shooting two more people.",""," http://bit.ly/2BuaKPT"," https://fxn.ws/2SX173j"," http://bit.ly/2R7h4GW","","","","","","","","","",""
2005.22,"Yes",3,21,2005,"Red Lake","MN","Jeffrey Weise","School and private home",12,7,5,2,2,0,"Partly",12863,0,1,TRUE,"Perpetrator murdered his grandfather, who was a police officer, and grandfathers girlfriend. Weise then drove his grandfathers squad car to Red Lake Senior High School and opened fire on the reservation campus, killing another seven people, and wounding five.",""," http://bit.ly/2S5nfss"," http://bit.ly/2UWubtO"," http://bit.ly/2ECMlMf","","","","","","","","","",""
2005.19,"Yes",3,12,2005,"Brookfield","WI","Terry Michael Ratzmann","Public place(s)",11,7,4,0,0,0,"Yes",12854,0,1,TRUE,"Perpetrator opened fire at a meeting of his church congregation, killing seven and wounding four.",""," http://bit.ly/2QCSEpn"," http://bit.ly/2LpbD0I"," http://bit.ly/2PMEZXu","","","","","","","","","",""
2004.94,"Yes",12,8,2004,"Columbus","OH","Nathan Gale","Public place(s)",7,4,3,0,0,0,"No",12760,0,1,FALSE,"The perpetrator gunned down former Pantera guitarist Dimebag Darrell and three others at a concert, wounding seven more.",""," http://bit.ly/2GvmxDx"," https://on.mtv.com/2Lv1DDq"," https://nyti.ms/2EHjrdM"," https://nyti.ms/2EFBXTE"," http://bit.ly/2EAG8Ac"," http://bit.ly/2A9EiT7"," http://bit.ly/2LqcfTW","","","","","",""
2004.5,"Yes",7,3,2004,"Kansas City","KS","Elijah Brown","Workplace",7,5,2,0,0,0,"Yes",12602,1,0,FALSE,"Perpetrator shot five co-workers at a meat packing plant, and wounded two others.",""," http://bit.ly/2ScSge6"," https://nyti.ms/2UXM2Ak"," https://nbcnews.to/2UWKmar","","","","","","","","","",""
2003.81,"Yes",10,24,2003,"Oldtown","ID","Ralph R. Reeves","Public place(s)",4,4,0,0,0,0,"Yes",12349,1,0,FALSE,"The perpetrator shot his ex-girlfriend and three other people in a bar after a verbal altercation.",""," http://bit.ly/2R57K6t"," http://bit.ly/2T0FDmh","","","","","","","","","","",""
2003.65,"Yes",8,27,2003,"Chicago","IL","Salvador Tapia","Workplace",6,6,0,0,0,0,"Yes",12291,1,1,FALSE,"The perpetrator shot and killed six co-workers at an auto parts warehouse.",""," http://bit.ly/2BwWKoN","","","","","","","","","","","",""
2003.52,"Yes",7,8,2003,"Meridian","MS","Douglas Williams","Workplace",14,6,8,0,0,0,"Yes",12241,1,1,FALSE,"The perpetrator opened fire at his Lockheed Martin workplace, killing six co-workers and wounding eight.",""," https://nyti.ms/2R67S5x"," https://nyti.ms/2GuFO7T"," https://abcn.ws/2CougyQ"," http://bit.ly/2Gw1nVK","","","","","","","","",""
2002.22,"Yes",3,22,2002,"South Bend","IN","William Lockey","Workplace",6,4,2,0,0,0,"Yes",11768,1,1,FALSE,"The perpetrator killed four co-workers and wounded two others at an aircraft parts manufacturing plant.",""," https://trib.in/2QGTwsX"," http://bit.ly/2SYzsim","","","","","","","","","","",""
2001.69,"Yes",9,9,2001,"Sacramento","CA","Joseph Ferguson","Public place(s) and private home(s)",6,4,2,1,1,0,"Yes",11574,1,1,TRUE,"The perpetrator killed his girlfriend and four former co-workers in several locations, and wounded a police officer and a passing motorist.",""," https://lat.ms/2STOVjK"," http://bit.ly/2rNLVdu"," http://bit.ly/2UVNjIi","","","","","","","","","",""
2001.1,"Yes",2,5,2001,"Melrose Park","IL","William Baker","Workplace",8,4,4,0,0,0,"Yes",11358,1,1,TRUE,"The perpetrator opened fire at his former Navistar workplace, killing five and wounding four.",""," https://trib.in/2UVjyap","","","","","","","","","","","",""
2001.02,"Yes",1,9,2001,"Houston","TX","Ki Yung Park","Public place(s)",4,4,0,0,0,0,"Yes",11331,1,0,FALSE,"The perpetrator killed his wife at their store, then went to another market and killed three people who worked there.",""," http://bit.ly/2LrSlIi"," https://lat.ms/2SX24bS","","","","","","","","","","",""
2000.98,"Yes",12,26,2000,"Wakefield","MA","Michael McDermott","Workplace",7,7,0,0,0,0,"Yes",11317,1,1,TRUE,"The perpetrator opened fire on co-workers at Edgewater Technology, killing seven.",""," http://bit.ly/2rLqwBBm"," http://bit.ly/2LpfcUR"," http://bit.ly/2LrcRZv"," http://bit.ly/2EAJIKE","","","","","","","","",""
2000.32,"Yes",4,28,2000,"Pittsburgh","PA","Richard Baumhammers","Public place(s) and private home(s)",5,4,1,1,1,0,"No",11075,1,1,FALSE,"The perpetrator shot people at several locations including a home, a store and a restaurant, killing five and wounding one.",""," http://bit.ly/2GxsnEh","","","","","","","","","","","",""
2000,"Yes",12,30,1999,"Tampa","FL","Silvio Leyva","Workplace",8,5,3,0,0,0,"Partly",10955,1,1,FALSE,"The perpetrator gunned down four co-workers at the Radisson Bay Harbor Inn before killing a woman outside who refused to give him her car. Three others were wounded.",""," https://nyti.ms/2QKoFvX"," http://bit.ly/2EDlq2J"," http://bit.ly/2BzTGbc","","","","","","","","","",""
1999.84,"Yes",11,2,1999,"Honolulu","HI","Byran Koji Uyesugi","Workplace",7,7,0,0,0,0,"Yes",10897,1,1,TRUE,"The perpetrator opened fire at his workplace, killing seven.",""," http://bit.ly/2BsJxNz","","","","","","","","","","","",""
1999.71,"Yes",9,15,1999,"Fort Worth","TX","Larry Gene Ashbrook","Public place(s)",14,7,7,0,0,0,"No",10849,1,1,TRUE,"The perpetrator opened fire inside the Wedgwood Baptist Church during a prayer rally, killing seven and wounding seven more.",""," http://bit.ly/2R3uioh"," http://bit.ly/2QHYjKE","","","","","","","","","","",""
1999.57,"Yes",7,29,1999,"Atlanta","GA","Mark Barton","Workplace",22,9,13,0,0,0,"Partly",10801,1,1,TRUE,"The perpetrator went on a shooting spree through two day-trading firms. He started at the All-Tech Investment Group, where he worked, then went on to Momentum Securities.  A total of nine were killed and 13 wounded.",""," http://bit.ly/2R69kFa","","","","","","","","","","","",""
1999.42,"Yes",6,3,1999,"Las Vegas","NV","Zane Michael Floyd","Public place(s)",5,4,1,0,0,0,"No",10745,1,1,FALSE,"The perpetrator opened fire at a supermarket, killing four and injuring one.",""," http://bit.ly/2Bw9JH5","","","","","","","","","","","",""
1999.3,"Yes",4,20,1999,"Columbine","CO","Eric Harris and Dylan Klebold","School",36,13,23,0,0,0,"Partly",10701,1,1,TRUE,"The perpetrators opened fire at their high school, killing 13, and injuring 21.",""," http://bit.ly/2GvHJt2"," https://cnn.it/2POuGSI"," http://bit.ly/2QFBCqx"," http://bit.ly/2A8hp2y","","","","","","","","",""
1998.73,"Yes",9,23,1998,"Chicago","IL","Clem Henderson","School and public place(s)",6,4,2,0,0,0,"No",10492,1,1,FALSE,"The perpetrator opened fire at an auto parts store, then walked down to a nearby school and continued shooting there.",""," https://trib.in/2Gx7hpL"," https://trib.in/2CozomY","","","","","","","","","","",""
1998.23,"Yes",3,24,1998,"Jonesboro","AR","Mitchell Johnson and Andrew Golden","School",15,5,10,0,0,0,"Partly",10309,1,1,TRUE,"The perpetrators ambushed students and teachers as they left school after one of the perpetrators pulled a fire alarm.  Five were killed and ten were wounded.",""," https://abcn.ws/2R9gTuG"," http://bit.ly/2QKqXv3"," http://bit.ly/2A5PQaa"," http://bit.ly/2LpbD0I","","","","","","","","",""
1998.18,"Yes",3,6,1998,"Hartford","CT","Matthew Beck","Workplace",4,4,0,0,0,0,"Yes",10291,1,1,TRUE,"The perpetrator gunned down four bosses over a salary dispute.",""," https://nyti.ms/2PR6G1g"," http://bit.ly/2R3uioh"," http://bit.ly/2LpbD0I"," http://bit.ly/2GsMxze","","","","","","","","",""
1997.96,"Yes",12,18,1997,"Orange","CA","Arturo Reyes Torres","Workplace",6,4,2,0,0,0,"Yes",10213,1,1,TRUE,"A former Caltrans employee opened fire at a maintenance yard after he was fired for allegedly selling government materials hed stolen from work, killing four and injuring two others.",""," https://lat.ms/2CpaXWx"," http://bit.ly/2EEgACe","","","","","","","","","","",""
1997.92,"Yes",12,3,1997,"Bartow","FL","Nelson Serrano","Workplace",4,4,0,0,0,0,"Yes",10198,1,0,FALSE,"Perpetrator shot and killed four former business partners at their workplace.",""," https://cnn.it/2rHkRfU"," http://bit.ly/2GIr2uD"," http://bit.ly/2BveWih","","","","","","","","","",""
1997.71,"Yes",9,15,1997,"Aiken","SC","Hastings Arthur Wise","Workplace",7,4,3,0,0,0,"Yes",10119,1,1,FALSE,"The perpetrator opened fire at the R.E. Phelon Company in retaliation for being fired after an argument with a supervisor, killing four and injuring three.",""," http://bit.ly/2PM5oEJ"," http://bit.ly/2PPp3DY"," http://bit.ly/2LprSuJ","","","","","","","","","",""
1996.32,"Yes",4,26,1996,"Jackson","MS","Kenneth Tornes","Workplace and private home",7,4,3,1,1,0,"Yes",9612,1,1,TRUE,"A firefighter killed his wife at home, then went to his workplace and killed four co-workers and wounded three others.",""," https://lat.ms/2UXtbFF"," https://wapo.st/2A5FFlI","","","","","","","","","","",""
1996.11,"Yes",2,9,1996,"Fort Lauderdale","FL","Clifton McCree","Workplace",6,5,1,0,0,0,"Yes",9535,1,1,FALSE,"The perpetrator opened fire on former co-workers inside their municipal trailer in an act of revenge after failing a drug test, killing five and injuring one.",""," http://bit.ly/2T4VIrh"," http://bit.ly/2Lt9BwD"," https://nyti.ms/2UWOQ0L","","","","","","","","","",""
1995.55,"Yes",7,19,1995,"Los Angeles","CA","Willie Woods","Workplace",4,4,0,0,0,0,"Yes",9330,1,1,TRUE,"The perpetrator opened fire at his workplace, killing four co-workers.",""," https://nyti.ms/2SakxSx"," https://lat.ms/2rNK9sN"," http://bit.ly/2PO09EH"," http://bit.ly/2LpbD0I","","","","","","","","",""
1995.25,"Yes",4,3,1995,"Corpus Christi","TX","James Daniel Simpson","Workplace",5,5,0,0,0,0,"Yes",9223,1,1,FALSE,"A disgruntled ex-employee opened fire at the Walter Rossler Company where he had worked, killing six.",""," http://bit.ly/2R6be8D"," https://nyti.ms/2rNQlAM","","","","","","","","","","",""
2017.7,"No: criminal activity or potential self defense",9,14,2017,"Chicago","IL","Unknown","Vehicle",4,4,0,0,0,0,"Yes",17423,0,1,TRUE,"Unknown perpetrator shot and killed four people in a gang related incident.","Gang and/or drug related"," http://bit.ly/2QHaAPG"," https://abc7.ws/2BvAzzc","","","","","","","","","","",""
2017.24,"No: criminal activity or potential self defense",3,30,2017,"Chicago","IL","Maurice Harris","Public place(s)",4,4,0,0,0,0,"Yes",17255,0,0,FALSE,"The perpetrator shot and killed four people at a restaurant in an incident related to gang activity.","Incident related to gang activity"," http://bit.ly/2A9fRFf","","","","","","","","","","","",""
2016.31,"No: criminal activity or potential self defense",4,22,2016,"Piketon","OH","Unknown","Private home(s)",0,0,0,8,8,0,"Yes",16913,0,0,FALSE,"The perpetrator shot and killed eight people in several homes.  Two of the homes had marijuana grow operations","Gang and/or drug related"," https://cnn.it/2R8EKdX","","","","","","","","","","","",""
2016.19,"No: criminal activity or potential self defense",3,9,2016,"Wilkinsburg","PA","Cheron Shelton and Robert Thomas","Private home(s)",0,0,0,8,5,3,"Yes",16869,0,1,TRUE,"The perpetrators opened fire at a backyard cookout, killing five.","Incident related to gang activity, and also occured at party in private home"," http://bit.ly/2Cqg0FP","","","","","","","","","","","",""
2015.37,"No: criminal activity or potential self defense",5,17,2015,"Waco","TX","Various","Public place(s)",27,7,20,0,0,0,"Yes",16572,0,1,FALSE,"Shootout between rival biker gangs.","Biker gang shootout"," http://bit.ly/2V075T2"," https://n.pr/2Cr91g3","","","","","","","","","","",""
2015.02,"No: criminal activity or potential self defense",1,9,2015,"San Francisco","CA","Unknown","Vehicle",4,4,0,0,0,0,"Yes",16444,0,0,FALSE,"Perpetrator shot and killed four people in a gang related incident.","Gang and/or drug related"," http://bit.ly/2T5B9Lj","","","","","","","","","","","",""
2013.82,"No: criminal activity or potential self defense",10,28,2013,"Terrell","TX","Charles Everett Brownlow","Private homes and market",1,1,0,4,4,0,"No",16006,0,0,FALSE,"The perpetrator fatally shot his mother, his aunt, two acquaintances, and a store clerk in a spree of attacks before being captured by police.  He killed the first four victims in their respective homes and the final one –the clerk –at Alis Market on W. Moore Avenue, apparently in an attempt to rob the store.","Four of five victims were killed in private homes, and public incident involved a robbery attempt"," http://bit.ly/2PSirVs","","","","","","","","","","","",""
2013.69,"No: criminal activity or potential self defense",9,11,2013,"Crab Orchard","TN","Jacob Allen Bennett","Vehicle",4,4,0,0,0,0,"Yes",15959,0,0,FALSE,"The perpetrator shot and killed four people in a drug deal gone bad.","Drug related"," http://bit.ly/2POkzNX"," http://bit.ly/2EGrJTi","","","","","","","","","","",""
2012.92,"No: criminal activity or potential self defense",12,2,2012,"Northridge","CA","Ka Pasasouk","Public place(s)",4,4,0,0,0,0,"Partly",15676,0,0,FALSE,"The perpetrator opened fire outside a boarding house during the commission of a robbery, killing four.","Incident involved robbery"," http://bit.ly/2Bw13AI"," http://bit.ly/2rPWJb2"," http://bit.ly/2PRyqDd"," http://bit.ly/2EFvUyB","","","","","","","","",""
2010.62,"No: criminal activity or potential self defense",8,14,2010,"Buffalo","NY","Riccardo McCray","Public place(s)",8,4,4,0,0,0,"Yes",14835,0,0,FALSE,"The perpetrator opened fire outside a bar, killing four and wounding four","Gang related"," https://every.tw/2QFC348"," http://bit.ly/2CpXygF"," http://bit.ly/2CpN8hh"," http://bit.ly/2Gy0L1W","","","","","","","","",""
2010.25,"No: criminal activity or potential self defense",4,3,2010,"Valley Village","CA","Nerses Arthur Galstyan","Public place(s)",6,4,2,0,0,0,"Yes",14702,0,0,FALSE,"Perpetrator opened fire at a private gathering at a restaurant, killing four and wounded two. The shooting appears to be related to organised crime.","Incident began with altercation at scene, and also apparently related to organised crime"," https://lat.ms/2QLhBiz","","","","","","","","","","","",""
2009.22,"No: criminal activity or potential self defense",3,21,2009,"Oakland","CA","Lovell Mixon","Private home(s) and public space(s)",2,2,0,3,2,1,"No",14324,0,1,TRUE,"Perpetrator opened fire during a traffic stop, killing four and injuring one.","Incident precipitated by traffic stop, with perp shooting at law enforcement"," http://bit.ly/2UY11KB"," http://bit.ly/2Lxw4J6"," https://nyti.ms/2EyWpow"," https://bayareane.ws/2CprTfg","","","","","","","","",""
2008.84,"No: criminal activity or potential self defense",11,2,2008,"Long Beach","CA","David Cruz Ponce and Max Eliseo Rafael","Homeless camp",5,5,0,0,0,0,"Yes",14185,0,0,FALSE,"Perpetrators shot and killed five people at a homeless camp in a drug related incident.","Drug related"," http://bit.ly/2CqhnUZ"," https://lat.ms/2rPMELb","","","","","","","","","","",""
2008.51,"No: criminal activity or potential self defense",7,4,2008,"Milwaukee","WI","Antonio Williams and Rosario Fuentez and James Washington","Public space(s)",6,4,2,0,0,0,"Partly",14064,0,1,TRUE,"Perpetrators shot and killed four people and wounded two others in a gang related incident.","Gang related"," http://bit.ly/2RfaBts"," http://bit.ly/2R4ZjYX","","","","","","","","","","",""
2007.72,"No: criminal activity or potential self defense",9,22,2007,"Miami","FL","Guillermo Zarabozo and Kirby Archer","Boat",0,0,0,4,4,0,"Yes",13778,0,1,TRUE,"Perpetrators shot and killed four people on a private boat.","Incident occurred on private boat, and perps had hijacked the boat"," https://cnn.it/2LzIKPL"," http://bit.ly/2QIThO3"," https://hrld.us/2GxSjzN","","","","","","","","","",""
2007.55,"No: criminal activity or potential self defense",7,22,2007,"Philadelphia","PA","Vonzell Roundtree","Public place(s)",4,4,0,0,0,0,"Yes",13716,0,0,FALSE,"Perpetrator opened fire during a bar fight, killing four.","Shooting immediately preceded by physical altercation"," http://bit.ly/2A5jz2M","","","","","","","","","","","",""
2006.64,"No: criminal activity or potential self defense",8,23,2006,"Fresno","CA","Unknown","Vehicle",4,4,0,0,0,0,"Yes",13383,0,0,FALSE,"Perpetrator shot and killed four people in a vehicle in a drug related incident.","Gang and/or drug related"," https://lat.ms/2QJ7YRp","","","","","","","","","","","",""
2006.46,"No: criminal activity or potential self defense",6,17,2006,"New Orleans","LA","Telly Hankton","Vehicle",6,5,1,0,0,0,"Yes",13316,0,1,TRUE,"Perpetrator shot and killed five people and wounded one in a vehicle.","Gang related"," https://cbsn.ws/2Crj8S4"," http://bit.ly/2UZgytF"," http://bit.ly/2LrnxXW","","","","","","","","","",""
2004.89,"No: criminal activity or potential self defense",11,21,2004,"Birchwood","WI","Chai Soua Vang","Private land",8,6,2,0,0,0,"No",12743,0,1,TRUE,"Perpetrator shot and killed six several hunters and wounded two others after a verbal altercation.","Altercation occured on private land between two sets of armed people."," https://n.pr/2Cr9M8T"," http://bit.ly/2UWiB1E"," https://nbcnews.to/2CpRg0t"," https://trib.in/2EGsEmI","","","","","","","","",""
2003.15,"No: criminal activity or potential self defense",2,23,2003,"Huntsville","AL","Emanuel Burl Patterson","Public place(s)",5,4,1,0,0,0,"Yes",12106,1,0,FALSE,"During a physical altercation, the perpetrator opened fire at an unemployment centre, killing four and wounding one.","Physical altercation preceded incident"," http://bit.ly/2S7GDVA","","","","","","","","","","","",""
2000.39,"No: criminal activity or potential self defense",5,24,2000,"New York","NY","Craig Godineaux and John Taylor","Public place(s)",7,5,2,0,0,0,"Yes",11101,1,1,FALSE,"Perpetrators shot and killed five at a restaurant during a robbery and wounded two others.","Incident involved robbery"," http://bit.ly/2T0aaR5","","","","","","","","","","","",""
2000.22,"No: criminal activity or potential self defense",3,20,2000,"Irving","TX","Robert Wayne Harris","Workplace",6,5,1,0,0,0,"Yes",11036,1,0,FALSE,"A former employee at a carwash returned to rob it, and killed five and injured one.","Incident involved robbery"," http://bit.ly/2QEWfDn"," http://bit.ly/2UZ3vs6"," https://abcn.ws/2A8DcXM"," http://bit.ly/2EyI4sd","","","","","","","","",""
1997.63,"No: criminal activity or potential self defense",8,19,1997,"Colebrook","NH","Carl Drega","Public place(s)",7,4,3,0,0,0,"Partly",10092,1,1,TRUE,"The perpetrator killed two police officers at a traffic stop, then drove to a building and killed an attorney and a newspaper editor there.  Three other people were wounded in the ensuing chase.","Incident began with robbery attempt"," https://nyti.ms/2rP0Y6K","","","","","","","","","","","",""
1996.94,"No: criminal activity or potential self defense",12,9,1996,"Houston","TX","Narit Burin Bunchien","Public place(s)",4,4,0,0,0,0,"Yes",9839,1,1,TRUE,"Perpetrator shot and killed four in self defense.","Incident likely precipitated in self-defense"," https://trib.in/2AbYmnT","","","","","","","","","","","",""
1996.54,"No: criminal activity or potential self defense",7,16,1996,"Winona","MS","Curtis Giovanni Flowers","Public place(s)",4,4,0,0,0,0,"Yes",9693,1,0,FALSE,"Perpetrator shot and killed four at a furniture store during a robbery.","Incident involved robbery"," http://bit.ly/2BxsH09"," http://bit.ly/2rPNmYR","","","","","","","","","","",""
1995.97,"No: criminal activity or potential self defense",12,19,1995,"New York","NY","Michael Vernon","Public place(s)",8,5,3,0,0,0,"No",9483,1,0,FALSE,"In an apparent attempted robbery, the perpetrator opened fire in a shoe store, killing five and wounding three.","Incident involved robbery"," https://nyti.ms/2UYCRQi"," http://bit.ly/2EzLyuu","","","","","","","","","","",""
1995.85,"No: criminal activity or potential self defense",11,6,1995,"Boston","MA","Damian and Anthony Clemente","Public place(s)",5,4,1,0,0,0,"Yes",9440,1,0,FALSE,"Perpetrators shot and killed four and wounded one in a restaurant in an incident related to organised crime.","Organised crime involvement"," http://bit.ly/2T56ZaZ"," http://bit.ly/2EzrxnV","","","","","","","","","","",""
1995.22,"No: criminal activity or potential self defense",3,21,1995,"Montclair","NJ","Christopher Green","Public place(s)",5,4,1,0,0,0,"Partly",9210,1,0,FALSE,"Perpetrator shot and killed four and wounded one while robbing a post office.","Incident involved robbery"," http://bit.ly/2EGNcLW","","","","","","","","","","","",""
2018.7,"No: <4 killed in public place(s)",9,12,2018,"Bakersfield","CA","Javier Casarez","Private home(s) and public space(s)",3,3,0,2,2,0,"Yes",17786,0,1,FALSE,"Casarez drove his ex-wife to a trucking company and shot and killed her and her reputed boyfriend. He then followed another employee to another store and shot him there, then went to a private home and shot two more people","Two of five killed were killed in private home"," http://bit.ly/2A33UkD"," https://on-ajc.com/2EHpdMi"," http://bit.ly/2SZehwM"," http://bit.ly/2CrzyKl"," http://bit.ly/2QEE8gR","","","","","","","",""
2017.87,"No: <4 killed in public place(s)",11,14,2017,"Rancho Tehama","CA","Kevin Janson Neal","Private home(s) and public space(s)",12,2,10,3,3,0,"Partly",17484,0,1,TRUE,"The perpetrator killed his wife and two neighbors, then went on a rampage through town, killing two more people and wounding ten others.","Two of four killed were killed in private homes"," https://lat.ms/2SboJ4f"," http://bit.ly/2QM6ENP"," http://bit.ly/2A4Yc1y","","","","","","","","","",""
2017.69,"No: <4 killed in public place(s)",9,10,2017,"Plano","TX","Spencer James Hight","Private home(s)",0,0,0,9,8,1,"Yes",17419,0,1,TRUE,"Perpetrator shot and killed eight people and wounded one during a football watching party.","All victims were killed at a party in a private home"," http://bit.ly/2SWuvXm"," https://cbsn.ws/2Lt4v3v"," http://bit.ly/2ExoH2O","","","","","","","","","",""
2017.45,"No: <4 killed in public place(s)",6,15,2017,"La Madera","NM","Damian Herrera","Private home(s) and public space(s)",2,2,0,3,3,0,"No",17332,0,1,FALSE,"The perpetrator killed three family members, then shot and killed two more people during a 180 mile long drive.","Three of five killed were killed in private home"," https://bayareane.ws/2GKtJMf"," http://bit.ly/2EwjJ6t"," http://bit.ly/2QHgDUh","","","","","","","","","",""
2017.4,"No: <4 killed in public place(s)",5,27,2017,"Brookhaven","MS","Willie Corey Godbolt","Private home(s)",0,0,0,8,8,0,"Partly",17313,0,0,FALSE,"The perpetrator shot and killed seven family members and one sheriffs deputy in three private homes.","All eight victims were killed in private homes"," https://cnn.it/2ReVRuY","","","","","","","","","","","",""
2017.26,"No: <4 killed in public place(s)",4,7,2017,"Houston","TX","Dekitta Holmes","Private home(s)",0,0,0,4,4,0,"Yes",17263,0,0,FALSE,"The perpetrator shot and killed four family members in three private homes.","All four victims were killed in private homes"," http://bit.ly/2Se4xyO","","","","","","","","","","","",""
2016.66,"No: <4 killed in public place(s)",8,29,2016,"Temecula","CA","James Jennex","Private home(s)",0,0,0,4,4,0,"Yes",17042,0,0,FALSE,"The perpetrator shot and killed four people in a private group home.","All four of the victims were killed in a private residence"," http://bit.ly/2SZMpZm","","","","","","","","","","","",""
2015.87,"No: <4 killed in public place(s)",11,14,2015,"Palestine","TX","William Mitchell Hudson","Private land",0,0,0,5,5,0,"No",16753,0,0,FALSE,"Perpetrator opened fire at a family camping on private land, killing five.  He also beat one other person to death.","All victims were shot on private land"," http://bit.ly/2A6552I"," http://bit.ly/2QFULJ4"," http://bit.ly/2rMUp4k","","","","","","","","","",""
2015.6,"No: <4 killed in public place(s)",8,7,2015,"Barre","VT","Jody Herring","Private home(s) and public space(s)",1,1,0,3,3,0,"Yes",16654,0,1,FALSE,"The perpetrator shot and killed three people in a private home, then shot a social worker in an office.","Three of the four victims were killed in a private home"," http://bit.ly/2UYZxQw"," http://bit.ly/2EGgcDk"," http://bit.ly/2QEJcBM","","","","","","","","","",""
2015.15,"No: <4 killed in public place(s)",2,26,2015,"Tyrone","MO","Joseph Jesse Aldridge","Private home(s)",0,0,0,10,7,3,"Yes",16492,0,0,FALSE,"The perpetrator opened fire in various private homes, killing seven and wounding three.","All seven victims were killed in private homes"," http://bit.ly/2T3B6zA"," https://trib.in/2Sd6D1Y","","","","","","","","","","",""
2014.95,"No: <4 killed in public place(s)",12,15,2014,"Lansdale","PA","Bradley William Stone","Private home(s)",0,0,0,7,6,1,"Yes",16419,0,0,FALSE,"Killed several family members at several locations","All six victims were killed in private homes"," https://cbsn.ws/2A34Mpp","","","","","","","","","","","",""
2014.92,"No: <4 killed in public place(s)",12,1,2014,"Morgantown","WV","Jody Lee Hunt","Private home(s) and public space(s)",1,1,0,3,3,0,"Yes",16405,0,0,FALSE,"The perpetrator fatally shot four people at three different locations: a business rival at his towing company, his ex-girlfriend and her new boyfriend in their shared home, and his cousin at his home.","Three of the four victims were killed in private homes"," https://every.tw/2qQaMNn"," http://bit.ly/2EBQ1Nw","","","","","","","","","","",""
2014.39,"No: <4 killed in public place(s)",5,23,2014,"Isla Vista","CA","Elliot Rodger","School",10,3,7,0,0,0,"No",16213,0,1,FALSE,"After stabbing three people, the perpetrator then went on a driving shooting spree, killing three, and wounding seven.","Only three killed by gunfire (rest of fatalities were stabbed in private home)"," https://cbsn.ws/2SZLSXt"," https://dailym.ai/2BxzNSa"," https://dailym.ai/2EEukwR"," http://bit.ly/2BAHXtg","","","","","","","","",""
2013.6,"No: <4 killed in public place(s)",8,7,2013,"Dallas","TX","Erbie Lee Bowser","Private home(s)",0,0,0,8,4,4,"Yes",15924,0,0,FALSE,"The perpetrator opened fire in two private homes, killing four and wounding four.","All four victims were killed in private homes"," http://bit.ly/2Sc3UWw"," https://every.tw/2QFC348"," http://bit.ly/2T21BVP","","","","","","","","","",""
2013.57,"No: <4 killed in public place(s)",7,26,2013,"Hialeh","FL","Pedro Vargas","Private home(s) and public space(s)",1,1,0,5,5,0,"3",15912,0,1,TRUE,"Perpetrator set fire to his apartment, then killed six people within the complex, one in the parking lot, and the others in their apartments.","Only one killed in pubic, five others killed in private homes"," https://dailym.ai/2LsmPcT"," https://hrld.us/2GtlHXI","","","","","","","","","","",""
2013.43,"No: <4 killed in public place(s)",6,7,2013,"Santa Monica","CA","John Samir Zawahri","Private home(s) and public space(s)",6,3,3,2,2,0,"No",15863,0,1,TRUE,"The perpetrator killed two at his home, then went on a shooting spree, driving toward Santa Monica College campus, killing two more, and wounding two during the drive.  At the college he killed one other person outside the library.","Two of five killed were killed in a private home"," http://bit.ly/2Lxm5Uc"," https://yhoo.it/2PVROyY"," https://read.bi/2POXavz"," http://bit.ly/2A84w8E","","","","","","","","",""
2013.3,"No: <4 killed in public place(s)",4,21,2013,"Federal Way","WA","Dennis Clark III","Private home(s) and public space(s)",3,3,0,1,1,0,"3",15816,0,1,FALSE,"The perpetrator shot and killed his girlfriend in their shared apartment, and then shot two witnesses in the buildings parking lot and a third victim in another apartment, before being killed by police.","One of the four killed was killed in a private home"," http://bit.ly/2LscIoG","","","","","","","","","","","",""
2012.51,"No: <4 killed in public place(s)",7,6,2012,"Newtown Falls","OH","Robert Brazzon","Private home(s)",0,0,0,4,4,0,"Yes",15527,0,1,TRUE,"The perpetrator shot and killed four people in two private homes.","All four victims were killed in private homes"," https://dailym.ai/2Gzvko1"," http://bit.ly/2R7vGpP","","","","","","","","","","",""
2011.68,"No: <4 killed in public place(s)",9,5,2011,"Morgantown","WV","Shayne Riggleman","Private home(s)",1,0,1,5,5,0,"No",15222,0,1,FALSE,"The perpetrator fatally shot five people in a rural West Virginia home.  Fleeing from police, he shot and injured a gas station attendant and eventually fatally shot himself.","All five victims were killed in a private home"," http://bit.ly/2LxvuuU"," https://dailym.ai/2LrBzJh"," http://bit.ly/2SepFF8","","","","","","","","","",""
2011.51,"No: <4 killed in public place(s)",7,7,2011,"Grand Rapids","MI","Rodrick Shonte Dantzler","Private home(s)",2,0,2,7,7,0,"Partly",15162,0,1,TRUE,"The perpetrator fatally shot seven people between two homes, including his exgirlfriend, wife, and their daughter. He also shot and wounded two other people while driving.","All seven victims were killed in private homes"," http://bit.ly/2R3uioh"," http://bit.ly/2EyylSM"," http://bit.ly/2CpcRX0","","","","","","","","","",""
2011.42,"No: <4 killed in public place(s)",6,2,2011,"Wellton","AZ","Carey Hal Dyess","Private home(s) and public space(s)",1,1,0,4,4,0,"Yes",15127,0,0,FALSE,"Perpetrator killed his ex-wife and various acquaintances in private homes, and also shot a lawyer at his office.","Four of the five victims were shot in private homes"," https://cbsn.ws/2BykLvt"," http://bit.ly/2A8apCS","","","","","","","","","","",""
2010.69,"No: <4 killed in public place(s)",9,11,2010,"Breathitt County","KY","Stanley Neace","Private home(s)",0,0,0,5,5,0,"Yes",14863,0,1,FALSE,"The perpetrator killed the five people in two mobile homes, then went to his own home and shot himself.","All five victims were killed in private homes"," http://bit.ly/2LxmkyA","","","","","","","","","","","",""
2010.03,"No: <4 killed in public place(s)",1,12,2010,"Kennesaw","GA","Jesse James Warren","Workplace",5,3,2,0,0,0,"Partly",14621,0,0,FALSE,"Former employee opened fire at workplace, killing three and injuring two.","Three killed day of shooting, fourth died years later"," https://on.11alive.com/2EIG69q"," https://nbcnews.to/2SZICLC","","","","","","","","","","",""
2009.92,"No: <4 killed in public place(s)",12,3,2009,"Madison","WI","Tyrone Adair","Private home(s)",0,0,0,4,4,0,"Yes",14581,0,0,FALSE,"The perpetrator opened fire in two private homes, killing four.","All four victims were killed in private homes"," http://bit.ly/2BxeFLQ","","","","","","","","","","","",""
2009.19,"No: <4 killed in public place(s)",3,10,2009,"Geneva County","AL","Michael Kenneth McLendon","Private home(s) and public space(s)",8,3,5,8,7,1,"Partly",14313,0,1,TRUE,"Perpetrator shot various family members at three different homes, then shot and killed four other people while driving, and wounded four others.","Seven of the ten killed were killed in private homes"," https://abcn.ws/2Lt7c5b","","","","","","","","","","","",""
2009.12,"No: <4 killed in public place(s)",2,14,2009,"Brockport","NY","Frank Garcia","Private home(s) and public space(s)",2,2,0,2,2,0,"Partly",14289,0,0,FALSE,"Perpetrator killed a co-worker and a bystander in a hospital parking lot and wounded another, then drove to another co-worker's home and killer her and her husband.","Two of the four people killed were killed in a private home"," http://bit.ly/2BAhR9p","","","","","","","","","","","",""
2008.67,"No: <4 killed in public place(s)",9,2,2008,"Alger","WA","Isaac Zamora","Private home(s) and public space(s)",3,1,2,6,5,1,"No",14124,0,1,FALSE,"The perpetrator killed five and wounded one in several private homes, then wounded two more and killed one while driving.","Five of the six killed were killed in private homes"," http://bit.ly/2R8qy4R","","","","","","","","","","","",""
2007.77,"No: <4 killed in public place(s)",10,7,2007,"Crandon","WI","Tyler Peterson","Private home(s)",0,0,0,7,6,1,"Partly",13793,0,1,TRUE,"Perpetrator opened fire inside an apartment after an argument at a party, killing six and injuring one.","All victims were shot at a party in a private home"," https://lat.ms/2PQFPCD","","","","","","","","","","","",""
2006.29,"No: <4 killed in public place(s)",4,18,2006,"St. Louis","MO","Herbert Chalmers Jr.","Private home(s) and public space(s)",5,4,1,0,0,0,"Yes",13256,0,0,FALSE,"Chalmers first killed two women in their homes, then went to his workplace and killed two others and injured another","Two of the four killed were killed in private homes"," http://bit.ly/2A8aVAL","","","","","","","","","","","",""
2006.23,"No: <4 killed in public place(s)",3,25,2006,"Seattle","WA","Kyle Aaron Huff","Private home(s)",0,0,0,8,6,2,"No",13232,0,1,FALSE,"Perpetrator opened fire at a private party, killing six and injuring two. The perpetrator did not know anyone at the party.","All victims were shot at a party in a private home"," http://bit.ly/2A7vqNW","","","","","","","","","","","",""
2005.19,"No: <4 killed in public place(s)",3,11,2005,"Atlanta","GA","Brian Gene Nichols","Private home(s) and public space(s)",3,3,0,1,1,0,"No",12853,0,1,TRUE,"Perpetrator attacked a deputy at a court house, beating her and stealing her weapon. He then shot and killed two in the courthouse, and another person as he left.  Another person was killed later that evening in a private home.","One of the four victims was killed in a private home"," http://bit.ly/2Bw04QT","","","","","","","","","","","",""
2002.27,"No: <4 killed in public place(s)",4,9,2002,"Toms River","NJ","Edward Lutes","Private home(s)",0,0,0,6,5,1,"Yes",11786,1,1,TRUE,"Perpetrator killed several neighbours and a police chief in three private homes, and also wounded one.","All five of the victims were killed in private homes"," http://bit.ly/2Gt66Ya","","","","","","","","","","","",""
2002.14,"No: <4 killed in public place(s)",2,21,2002,"Barnegat Township","NJ","John W. Mabie","Private home(s)",0,0,0,4,4,0,"Yes",11739,1,1,FALSE,"Perpetrator killed four people in priate homes","All four of the victims were killed in private homes"," https://nyti.ms/2T0AHhm","","","","","","","","","","","",""
2001.5,"No: <4 killed in public place(s)",7,3,2001,"Rifle","CO","Steven Michael Stagner","Private property and public space(s)",5,2,3,2,2,0,"Partly",11506,1,1,FALSE,"The perpetrator shot and killed four people and wounded three others in public areas of a trailer park.","Two of the four victims were shot on private property"," http://bit.ly/2QK8n68","","","","","","","","","","","",""
2000.18,"No: <4 killed in public place(s)",3,8,2000,"Memphis","TN","Frederick Williams","Private home(s) and public space(s)",3,3,0,1,1,0,"Yes",11024,1,1,FALSE,"A firefighter killed his wife in his home and set fire to the house.  When his co-workers and police arrived at the scene, he opened fire, killing three more people and injuring one.","One of the four killed was killed in a private home"," http://bit.ly/2rOlIeM"," https://cnn.it/2V135S1","","","","","","","","","","",""
1999.19,"No: <4 killed in public place(s)",3,11,1999,"Gonzales","LA","Shon Miller","Private home(s) and public space(s)",7,3,4,1,1,0,"Partly",10661,1,1,FALSE,"The perpetrator shot and killed his mother-in-law, then entered a church and killed his wife and son, killing one other person and wounding four more.","One of the four killed was killed in a private home"," http://bit.ly/2AbwmAN"," http://bit.ly/2CqQ5hC"," https://trib.in/2GAOCZZ","","","","","","","","","",""
1998.38,"No: <4 killed in public place(s)",5,21,1998,"Springfield","OR","Kipland Kinkel","Private home(s) and school",27,2,25,2,2,0,"Partly",10367,1,1,TRUE,"The perpetrator, a freshman at Thurston High, went on a shooting spree, killing his parents at home and two students at school, wounding 25 others.","Two of the four killed were killed in a private home"," https://to.pbs.org/2UVZ29I"," http://bit.ly/2LpbD0I","","","","","","","","","","",""
1995.88,"No: <4 killed in public place(s)",11,19,1995,"Columbus","OH","Jerry F. Hessler","Private home(s)",0,0,0,6,4,2,"Yes",9453,1,0,FALSE,"Perpetrator killed four acquaintances and wounded two others in three private homes.","All four victims were shot in private homes"," https://nyti.ms/2T342b0"," http://bit.ly/2SZrwh2","","","","","","","","","","",""
